{"wibIqcQjfLEqRQAcB8K7Hg==":"%D0%A1%D0%B0%D1%80%D0%B0%D1%82%D0%BE%D0%B2%D1%81%D0%BA%D0%B8%D0%B9_%D0%BC%D0%BE%D1%81%D1%82-1275x538.jpg","wpRKpVvhsVpqzLgo1AdwMQ==":"mbr-1620x1080.jpg","xzfvXwae72foAVwks29Yow==":"mbr-1-1620x1080.jpg","jc/Vn8de4Z4tq2PL1kMFcQ==":"logo2.png","hc82UEqnGqf+OhxobiDhww==":"mbr-721x1080.jpg","yP5kSHFwDLCdL8qF+a7fJQ==":"mbr-1380x1080.jpg","r2dsmrcgQGZJYFlSLbxoSw==":"mbr-1728x1080.jpg","zWHYNTLIgUqwnVZyvf1GVQ==":"mbr-1631x1080.jpg","gZ/A631ntxo+QSeM2NGwTg==":"mbr-1-1631x1080.jpg","LnSg6JSB+Bgy7JxsaGLGQg==":"mbr-2-1631x1080.jpg","YFjL9OWL7O9BnCmj04Yowg==":"mbr-3-1631x1080.jpg","01HJnlm8pf6AG2PNJnzlXg==":"mbr-4-1631x1080.jpg","Jxsogh4RRese+EHFIo8vJA==":"mbr-5-1631x1080.jpg"}